{
  "allowMovement": {
    "net.minecraft.client.gui.screens.ReceivingLevelScreen": true,
    "mezz.jei.gui.recipes.RecipesGui": true,
    "immersive_paintings.client.gui.ImmersivePaintingScreen": true,
    "top.theillusivec4.curios.client.gui.CuriosScreen": true,
    "lain.mods.cos.impl.client.gui.GuiCosArmorInventory": true,
    "xerca.xercamusic.client.GuiInstrument": true,
    "xerca.xercamusic.client.GuiMusicSheet": true,
    "net.minecraft.client.gui.screens.PauseScreen": true
  },
  "hideBackground": {
    "mezz.jei.gui.recipes.RecipesGui": true,
    "top.theillusivec4.curios.client.gui.CuriosScreen": true,
    "lain.mods.cos.impl.client.gui.GuiCosArmorInventory": true
  }
}