{
  "allowMovement": {
    "net.minecraft.client.gui.screens.ReceivingLevelScreen": true,
    "mezz.jei.gui.recipes.RecipesGui": false,
    "immersive_paintings.client.gui.ImmersivePaintingScreen": true,
    "top.theillusivec4.curios.client.gui.CuriosScreen": true,
    "lain.mods.cos.impl.client.gui.GuiCosArmorInventory": true,
    "xerca.xercamusic.client.GuiInstrument": false,
    "xerca.xercamusic.client.GuiMusicSheet": false,
    "net.minecraft.client.gui.screens.PauseScreen": true,
    "com.thomas7520.bubbleschat.client.screen.ScreenConfig": true,
    "com.simibubi.create.content.schematics.block.SchematicTableScreen": true,
    "com.simibubi.create.content.schematics.client.SchematicEditScreen": true,
    "com.simibubi.create.content.schematics.block.SchematicannonScreen": true,
    "com.simibubi.create.content.curiosities.symmetry.SymmetryWandScreen": true,
    "xaero.map.gui.GuiMap": true,
    "net.minecraft.client.gui.screens.VideoSettingsScreen": true,
    "net.optifine.gui.GuiPerformanceSettingsOF": true,
    "io.github.lightman314.lightmanscurrency.client.gui.screen.NotificationScreen": true,
    "io.github.lightman314.lightmanscurrency.client.gui.screen.TeamManagerScreen": true,
    "net.minecraftforge.client.gui.ModListScreen": true,
    "net.optifine.shaders.gui.GuiShaders": true,
    "net.optifine.shaders.gui.GuiShaderOptions": true,
    "io.github.foundationgames.automobility.screen.AutoMechanicTableScreen": true,
    "com.simibubi.create.content.contraptions.relays.advanced.sequencer.SequencedGearshiftScreen": true,
    "me.jellysquid.mods.sodium.client.gui.SodiumOptionsGUI": true,
    "com.minecraftserverzone.weaponmaster.gui.WeaponMasterScreen": true,
    "com.minecraftserverzone.weaponmaster.gui.DetailedSettingsScreen": true,
    "de.maxhenkel.corpse.gui.CorpseInventoryScreen": true,
    "com.simibubi.create.foundation.ponder.ui.PonderUI": false,
    "net.minecraft.client.gui.screens.ConfirmScreen": true,
    "com.simibubi.create.content.curiosities.toolbox.ToolboxScreen": true,
    "me.shedaniel.clothconfig2.gui.ClothConfigScreen": true,
    "com.railwayteam.railways.content.conductor.toolbox.CustomRadialToolboxMenu": true,
    "de.maxhenkel.corpse.gui.CorpseAdditionalScreen": true
  },
  "hideBackground": {
    "mezz.jei.gui.recipes.RecipesGui": true,
    "top.theillusivec4.curios.client.gui.CuriosScreen": true,
    "lain.mods.cos.impl.client.gui.GuiCosArmorInventory": true,
    "com.thomas7520.bubbleschat.client.screen.ScreenConfig": true,
    "com.simibubi.create.content.schematics.client.SchematicPromptScreen": true,
    "com.simibubi.create.content.schematics.block.SchematicTableScreen": true,
    "com.simibubi.create.content.schematics.client.SchematicEditScreen": true,
    "com.simibubi.create.content.schematics.block.SchematicannonScreen": true,
    "com.simibubi.create.content.curiosities.symmetry.SymmetryWandScreen": true,
    "io.github.lightman314.lightmanscurrency.client.gui.screen.NotificationScreen": true,
    "io.github.lightman314.lightmanscurrency.client.gui.screen.TeamManagerScreen": true,
    "io.github.foundationgames.automobility.screen.AutoMechanicTableScreen": true,
    "com.simibubi.create.content.contraptions.relays.advanced.sequencer.SequencedGearshiftScreen": true,
    "de.maxhenkel.corpse.gui.CorpseInventoryScreen": true,
    "com.simibubi.create.content.curiosities.toolbox.ToolboxScreen": true,
    "com.railwayteam.railways.content.conductor.toolbox.CustomRadialToolboxMenu": true,
    "de.maxhenkel.corpse.gui.CorpseAdditionalScreen": true
  }
}