{
  "allowMovement": {
    "net.minecraft.client.gui.screens.ReceivingLevelScreen": true,
    "mezz.jei.gui.recipes.RecipesGui": true,
    "immersive_paintings.client.gui.ImmersivePaintingScreen": true,
    "top.theillusivec4.curios.client.gui.CuriosScreen": true,
    "lain.mods.cos.impl.client.gui.GuiCosArmorInventory": true,
    "xerca.xercamusic.client.GuiInstrument": true,
    "xerca.xercamusic.client.GuiMusicSheet": true,
    "net.minecraft.client.gui.screens.PauseScreen": true,
    "com.thomas7520.bubbleschat.client.screen.ScreenConfig": true,
    "com.simibubi.create.content.schematics.block.SchematicTableScreen": true,
    "com.simibubi.create.content.schematics.client.SchematicEditScreen": true,
    "com.simibubi.create.content.schematics.block.SchematicannonScreen": true,
    "com.simibubi.create.content.curiosities.symmetry.SymmetryWandScreen": true
  },
  "hideBackground": {
    "mezz.jei.gui.recipes.RecipesGui": true,
    "top.theillusivec4.curios.client.gui.CuriosScreen": true,
    "lain.mods.cos.impl.client.gui.GuiCosArmorInventory": true,
    "com.thomas7520.bubbleschat.client.screen.ScreenConfig": true,
    "com.simibubi.create.content.schematics.client.SchematicPromptScreen": true,
    "com.simibubi.create.content.schematics.block.SchematicTableScreen": true,
    "com.simibubi.create.content.schematics.client.SchematicEditScreen": true,
    "com.simibubi.create.content.schematics.block.SchematicannonScreen": true,
    "com.simibubi.create.content.curiosities.symmetry.SymmetryWandScreen": true
  }
}